{
  "seed": 8201,
  "belief_mode": "frequency",
  "self_play_games": 4,
  "self_play_samples": 1180,
  "checkpoint_path": "experiments\\neural_scaling_study\\medium\\seed_8201\\checkpoints\\best.pt",
  "checkpoint_epoch": 1,
  "checkpoint_metrics": {
    "train_policy": 2.0713035709717693,
    "train_value": 0.3768653483951793,
    "val_policy": 1.9594775438308716,
    "val_value": 1.0219990015029907,
    "val_total": 2.9814765453338623
  },
  "diagnostics": {
    "self_play_sample_count": 1180,
    "diagnostic_sample_count": 256,
    "checkpoint_epoch": 1,
    "checkpoint_metrics": {
      "train_policy": 2.0713035709717693,
      "train_value": 0.3768653483951793,
      "val_policy": 1.9594775438308716,
      "val_value": 1.0219990015029907,
      "val_total": 2.9814765453338623
    },
    "mean_policy_entropy": 1.9870138939004391,
    "mean_normalized_policy_entropy": 0.9906690127361396,
    "flat_policy_fraction": 1.0,
    "nonflat_policy_fraction": 0.0,
    "mean_max_policy_probability": 0.23726550782157574,
    "top1_match_rate": 0.4140625,
    "value_mae": 0.9726696987636387,
    "value_mse": 0.9609399342443794,
    "train_loss_history": [
      {
        "epoch": 1,
        "train_policy": 2.0713035709717693,
        "train_value": 0.3768653483951793,
        "val_policy": 1.9594775438308716,
        "val_value": 1.0219990015029907,
        "val_total": 2.9814765453338623
      },
      {
        "epoch": 2,
        "train_policy": 2.0288687734042896,
        "train_value": 0.30139993043506846,
        "val_policy": 1.9384028315544128,
        "val_value": 1.1053695678710938,
        "val_total": 3.0437723994255066
      },
      {
        "epoch": 3,
        "train_policy": 2.014107683125664,
        "train_value": 0.23956254562910864,
        "val_policy": 1.93091881275177,
        "val_value": 1.2076815366744995,
        "val_total": 3.1386003494262695
      }
    ]
  },
  "eval_matchups": [
    {
      "seed": 8201,
      "label": "frequency_mcts vs frequency_mcts",
      "games": 4,
      "wins": 0,
      "losses": 4,
      "draws": 0,
      "win_rate": 0.0,
      "avg_final_vp": 3,
      "avg_turns": 157.5,
      "mean_latency_ms": 7.150294565315756,
      "belief_mode": "frequency",
      "search_budget": {
        "eval_sims": 16,
        "eval_depth": 8,
        "top_k_roads": 3,
        "top_k_trades": 2,
        "top_k_robber": 4
      }
    },
    {
      "seed": 8201,
      "label": "neural_frequency_mcts vs frequency_mcts",
      "games": 4,
      "wins": 0,
      "losses": 4,
      "draws": 0,
      "win_rate": 0.0,
      "avg_final_vp": 2.75,
      "avg_turns": 174.5,
      "mean_latency_ms": 17.451309301300803,
      "belief_mode": "frequency",
      "search_budget": {
        "eval_sims": 16,
        "eval_depth": 8,
        "top_k_roads": 3,
        "top_k_trades": 2,
        "top_k_robber": 4
      }
    }
  ],
  "artifact_paths": {
    "seed_dir": "experiments\\neural_scaling_study\\medium\\seed_8201",
    "dataset_dir": "experiments\\neural_scaling_study\\medium\\seed_8201\\data\\self_play",
    "checkpoint_path": "experiments\\neural_scaling_study\\medium\\seed_8201\\checkpoints\\best.pt",
    "summary": "experiments\\neural_scaling_study\\medium\\seed_8201\\summary.json",
    "matchups_csv": "experiments\\neural_scaling_study\\medium\\seed_8201\\matchups.csv",
    "diagnostics": "experiments\\neural_scaling_study\\medium\\seed_8201\\diagnostics.json"
  }
}